"title","link","authors","journal","primary-field","secondary-field","best-part","second-best-part","about","ip","user_agent","referrer","created_at"
" Can Policy Change Culture? Government Pension Plans and Traditional Kinship Practices ","https://www.dropbox.com/s/07tk0djgaaklm1u/policy_culture_draft_Jan2018_out.pdf?dl=0","Natalie Bau","American Economic Review","Development","Education","Empirical Strategy","Results","I love the way Natalie Bau produces papers! They are overall well written and it's so easy to follow (even when she is actually doing complicated stuff!)","100.1.84.148","Mozilla/5.0 (Windows NT 10.0; Win64; x64) AppleWebKit/537.36 (KHTML, like Gecko) Chrome/104.0.0.0 Safari/537.36","https://great-economics-writing.netlify.app/","2022-08-16T11:51:12.655Z"
"The Use of Knowledge in Society ","https://www.jstor.org/stable/1809376","Hayek, F.A.","American Economic Review","Theory","None Selected","Theory","None Selected","It's a short, clearly written essay with a profound insight about the role of the price system in making optimal use of various bits of dispersed knowledge","2a01:cb00:eb:6000:29a9:47cc:e238:a939","Mozilla/5.0 (Linux; Android 12; SAMSUNG SM-G991B) AppleWebKit/537.36 (KHTML, like Gecko) SamsungBrowser/18.0 Chrome/99.0.4844.88 Mobile Safari/537.36","https://great-economics-writing.netlify.app/","2022-08-15T17:41:41.235Z"
"When Externalities Collide: Influenza and Pollution","https://www.aeaweb.org/articles?id=10.1257/app.20210500","Josh Graff Zivin, Matthew Neidell, Nicholas J. Sanders, Gregor Singer","American Economic Journal: Applied Economics","Environmental","Health","Empirical Strategy","Introduction","The motivation and explanation of the double IV strategy using changes in wind direction to instrument for air pollution, and random antigenic drift in the influenza virus to instrument for vaccine protection. Open access seems to be available via author websites (e.g. https://gregorsinger.com/files/papers/GNSS_pollution_influenza.pdf)","31.54.78.198","Mozilla/5.0 (Macintosh; Intel Mac OS X 10_15_7) AppleWebKit/605.1.15 (KHTML, like Gecko) Version/15.5 Safari/605.1.15","https://great-economics-writing.netlify.app/","2022-08-15T13:46:17.348Z"
"The Quiet Revolution That Transformed Women’s Employment, Education, and Family","https://scholar.harvard.edu/files/goldin/files/the_quiet_revolution_that_transformed_womens_employment_education_and_family.pdf","Claudia Goldin","AEA Papers and Proceedings","History","None Selected","Introduction","None Selected","","24.9.104.187","Mozilla/5.0 (Macintosh; Intel Mac OS X 10.15; rv:103.0) Gecko/20100101 Firefox/103.0","https://great-economics-writing.netlify.app/","2022-08-15T13:42:23.989Z"
"Why Don't We See Poverty Convergence?","https://www-jstor-org.colorado.idm.oclc.org/stable/41408782","Martin Ravallion","The American Economic Review","Development","None Selected","Motivation","None Selected","","24.9.104.187","Mozilla/5.0 (Macintosh; Intel Mac OS X 10.15; rv:103.0) Gecko/20100101 Firefox/103.0","https://great-economics-writing.netlify.app/","2022-08-15T13:40:50.040Z"
"The Choice between Market Failures and Corruption","https://economics.mit.edu/files/3908","Daron Acemoglu, Thierry Verdier","The American Economic Review","Public Economics","None Selected","Introduction","None Selected","","24.9.104.187","Mozilla/5.0 (Macintosh; Intel Mac OS X 10.15; rv:103.0) Gecko/20100101 Firefox/103.0","https://great-economics-writing.netlify.app/","2022-08-15T13:38:55.357Z"
"Leadership in Social Movements: Evidence from the ""Forty-Eighters"" in the Civil War","aeaweb.org/articles?id=10.1257/aer.20191137","Christian Dippel, Stephan Heblich ","The American Economic Review","History","Labor","Motivation","Introduction","It’s the first paper that as an undergrad, I was able to read and understand in its entirety in one go. It’s really beautifully written IMO.","24.9.104.187","Mozilla/5.0 (Macintosh; Intel Mac OS X 10.15; rv:103.0) Gecko/20100101 Firefox/103.0","https://great-economics-writing.netlify.app/","2022-08-15T13:37:23.477Z"
"The Market for ""Lemons"": Quality Uncertainty and the Market Mechanism","https://viterbi-web.usc.edu/~shaddin/cs590fa13/papers/AkerlofMarketforLemons.pdf","George A. Akerlof","The Quarterly Journal of Economics","Theory","None Selected","None Selected","None Selected","Classic applied micro exposition: 1. Describe an empirical puzzle 2. Build a simple intuitive but rigorous model. 3. Show that the model solves the puzzle.","24.9.104.187","Mozilla/5.0 (Macintosh; Intel Mac OS X 10.15; rv:103.0) Gecko/20100101 Firefox/103.0","https://great-economics-writing.netlify.app/","2022-08-15T13:35:37.850Z"
"On the Mechanics of Economic Growth","https://www.parisschoolofeconomics.eu/docs/darcillon-thibault/lucasmechanicseconomicgrowth.pdf","Robert E. Lucas","Journal of Monetary Economics","Macro","None Selected","Introduction","None Selected","","24.9.104.187","Mozilla/5.0 (Macintosh; Intel Mac OS X 10.15; rv:103.0) Gecko/20100101 Firefox/103.0","https://great-economics-writing.netlify.app/","2022-08-15T13:34:28.887Z"
"After the Big Bang? Obstacles to the Emergence of the Rule of Law in Post-Communist Societies","https://www8.gsb.columbia.edu/faculty/jstiglitz/sites/jstiglitz/files/2004_After_the_Big_Bang.pdf","Karla Hoff, Joseph E. Stiglitz","The American Economic Review","Macro","History","Results","None Selected","","24.9.104.187","Mozilla/5.0 (Macintosh; Intel Mac OS X 10.15; rv:103.0) Gecko/20100101 Firefox/103.0","https://great-economics-writing.netlify.app/","2022-08-15T13:33:49.187Z"
"Let's Take the Con Out of Econometrics ","jstor.org/stable/1803924","Edward E. Leamer","The American Economic Review","Econometrics","None Selected","Introduction","None Selected","I like Leamer's style even if I am not aligned 100% with his content.","24.9.104.187","Mozilla/5.0 (Macintosh; Intel Mac OS X 10.15; rv:103.0) Gecko/20100101 Firefox/103.0","https://great-economics-writing.netlify.app/","2022-08-15T13:31:56.292Z"
"What Is the Optimal Level of Pollution?","journals.uchicago.edu/doi/10.1086/260281","E. J. Mishan","Journal of Political Economy","Environmental","None Selected","Introduction","None Selected","Beyond his engaging writing style, Mishan presents a persuasive alternative to the all-or-nothing approach to externalities that is analogous to multi-plant (heterogeneous costs) optimization. It's also approachable to undergrads, a rare thing in JPE","24.9.104.187","Mozilla/5.0 (Macintosh; Intel Mac OS X 10.15; rv:103.0) Gecko/20100101 Firefox/103.0","https://great-economics-writing.netlify.app/","2022-08-15T13:29:09.647Z"
"Old-age poverty in a pension latecomer: The impact of basic pension expansions in South Korea","https://onlinelibrary.wiley.com/doi/full/10.1111/spol.12829","Kun Lee","Social Policy & Administration","Public Economics","Econometrics","Empirical Strategy","Motivation","I found this paper a brilliantly clear and really thorough application of advanced DiD work.","192.76.8.69","Mozilla/5.0 (Windows NT 10.0; Win64; x64) AppleWebKit/537.36 (KHTML, like Gecko) Chrome/104.0.0.0 Safari/537.36","https://great-economics-writing.netlify.app/","2022-08-15T09:02:39.731Z"
"Railroads of the Raj: Estimating the Impact of Transportation Infrastructure","https://www.aeaweb.org/articles?id=10.1257/aer.20101199","Dave Donaldson","American Economic Review","Trade","Development","Introduction","Theory","An amazing combination of novel theory + novel data that answers an important questions and opens a new field in international trade, regional sciences, and development.","109.118.91.104","Mozilla/5.0 (Macintosh; Intel Mac OS X 10_15_7) AppleWebKit/537.36 (KHTML, like Gecko) Chrome/104.0.0.0 Safari/537.36","https://great-economics-writing.netlify.app/","2022-08-15T07:59:23.557Z"
"Leadership in Social Movements: Evidence from the ""Forty-Eighters"" in the Civil War","https://www.aeaweb.org/articles?id=10.1257/aer.20191137","Christian Dippel, Stephan Heblich","American Economic Review","History","Development","Data","Empirical Strategy","It’s the first paper that as an undergrad, I was able to read and understand in its entirety in one go. It’s really beautifully written and at the time my thoughts were “Whoa, I don’t know how, but somehow everything makes so much sense in this”. If I had to describe it in one word it would be CRISP. ","2800:150:127:5c6:e1:936d:d088:ccf7","Mozilla/5.0 (iPhone; CPU iPhone OS 15_6 like Mac OS X) AppleWebKit/605.1.15 (KHTML, like Gecko) Version/15.6 Mobile/15E148 Safari/604.1","https://great-economics-writing.netlify.app/","2022-08-15T04:19:47.606Z"
"Why Isn't the Whole World Developed? Lessons from the Cotton Mills","http://faculty.econ.ucdavis.edu/faculty/gclark/210a/readings/clark-why.pdf","Gregory Clark","The Journal of Economic History","History","Development","Results","Motivation","Clark is an incisive, iconoclastic writer and, in his early years as an economic historian, was unafraid to ask big questions and offer controversial answers. Using data on cotton spinning in a range of developed and developing countries in the early 20th century, Clark convincingly rules out capital-labor substitution, technological differences, management, and formal human capital—in short, all the textbook theories of differential development—as explanations for international productivity differences. Few (if any) papers in economic history or development satisfactorily came to grips with the challenge he presents. I've probably thought about this paper more than any other—trying to find some way around his critique, without success. ","73.15.7.132","Mozilla/5.0 (Macintosh; Intel Mac OS X 10_15_7) AppleWebKit/537.36 (KHTML, like Gecko) Chrome/104.0.5112.81 Safari/537.36 Edg/104.0.1293.54","https://great-economics-writing.netlify.app/","2022-08-14T21:48:08.079Z"
"Let's Take the Con Out of Econometrics","","Leamer","The American Economic Review","Econometrics","None Selected","Introduction","Theory","One of the many papers connecting experimental and observational methods. The author is generally jolly. I am not fully convinced of his philosophical thesis of uncertainty estimation, but they became the mainstream in my field","151.47.131.37","Mozilla/5.0 (Linux; Android 11; AC2003) AppleWebKit/537.36 (KHTML, like Gecko) Chrome/104.0.0.0 Mobile Safari/537.36","https://great-economics-writing.netlify.app/","2022-08-14T20:07:33.876Z"
"On the Mechanics of Economic Development","","Robert E. Lucas","Journal of Monetary Economics","Development","Theory","None Selected","None Selected","Most cited paper in economics. In part because of how well written it is","162.210.194.38","Mozilla/5.0 (Windows NT 10.0; Win64; x64) AppleWebKit/537.36 (KHTML, like Gecko) Chrome/104.0.0.0 Safari/537.36","https://great-economics-writing.netlify.app/","2022-08-14T19:32:23.432Z"
"How Acquisitions Affect Firm Behavior and Performance: Evidence from the Dialysis Industry","https://faculty.fuqua.duke.edu/~rcm26/ESRD_mergers.pdf","Paul J Eliason,  Benjamin Heebsh,  Ryan C McDevitt,  James W Roberts","The Quarterly Journal of Economics","IO","None Selected","Empirical Strategy","Data","Great interweaving of how the context and the data informs the empirical strategy","73.243.208.68","Mozilla/5.0 (Macintosh; Intel Mac OS X 10_15_7) AppleWebKit/605.1.15 (KHTML, like Gecko) Version/15.5 Safari/605.1.15","https://great-economics-writing.netlify.app/","2022-08-14T17:06:59.642Z"
"Robust Empirical Bayes Confidence Intervals","https://www.princeton.edu/~mkolesar/papers/ebci.pdf","Tim Armstrong, Michal Kolesár, Mikkel Plagborg-Møller","Econometrica","Econometrics","None Selected","Theory","Results","Very clearly written paper on constructing confidence intervals for empirical Bayes problems","24.62.76.57","Mozilla/5.0 (Macintosh; Intel Mac OS X 10_15_7) AppleWebKit/537.36 (KHTML, like Gecko) Chrome/104.0.0.0 Safari/537.36","https://great-economics-writing.netlify.app/","2022-08-14T16:30:38.014Z"
"Of Mice and Merchants","https://users.ox.ac.uk/~econ0360/FerdinandRauch/Coasts.pdf","Jan David Bakker, Stephan Maurer, Jörn-Steffen Pishke, Ferdinand Rauch","ReStat","Urban","Trade","Introduction","Motivation","interweavement of history, motivation, and contribution in the introduction","192.41.114.230","Mozilla/5.0 (Macintosh; Intel Mac OS X 10.15; rv:103.0) Gecko/20100101 Firefox/103.0","https://great-economics-writing.netlify.app/","2022-08-14T15:16:26.572Z"
"The Colonial Origins of Comparative Development: An Empirical Investigation","https://economics.mit.edu/files/4123","Acemoglu, Johnson, Robinson","AER","Development","History","Introduction","None Selected","","95.124.192.36","Mozilla/5.0 (Macintosh; Intel Mac OS X 10.15; rv:103.0) Gecko/20100101 Firefox/103.0","https://great-economics-writing.netlify.app/","2022-08-14T14:39:21.577Z"
"Of Mice and Merchants: Connectedness and the Location of Economic Activity in the Iron Age ","https://direct.mit.edu/rest/article/103/4/652/97649/Of-Mice-and-Merchants-Connectedness-and-the","Bakker, Maurer, Pischke, Rauch","Review of Economics and Statistics","History","Trade","Introduction","Data","","95.124.192.36","Mozilla/5.0 (Macintosh; Intel Mac OS X 10.15; rv:103.0) Gecko/20100101 Firefox/103.0","https://great-economics-writing.netlify.app/","2022-08-14T14:38:12.129Z"
"The effect of immigration along the distribution of wages","https://academic.oup.com/restud/article-abstract/80/1/145/1596869","Christian Dustmann, Tommaso Frattini, Ian Preston","The Review of Economic Studies","Labor","None Selected","Theory","None Selected","I love the way the authors connect the theory with empirical findings. They made very clear how to depart from the structural model and make the needed assumptions to estimate the reduced form parameters.  ","2804:431:c7f9:95f6:28ea:8644:f373:a403","Mozilla/5.0 (Windows NT 10.0; Win64; x64; rv:103.0) Gecko/20100101 Firefox/103.0","https://great-economics-writing.netlify.app/","2022-08-14T14:03:47.453Z"
"The Effects of Pretrial Detention on Conviction, Future Crime, and Employment: Evidence from Randomly Assigned Judges","https://www.aeaweb.org/articles?id=10.1257/aer.20161503","Will Dobbie, Jacob Goldin, Crystal S. Yang","American Economic Review","Crime","Econometrics","Empirical Strategy","Introduction","This paper does a very beautiful job explaining their empirical strategy in very clear terms with illustrative examples","73.243.208.68","Mozilla/5.0 (Macintosh; Intel Mac OS X 10_15_7) AppleWebKit/605.1.15 (KHTML, like Gecko) Version/15.5 Safari/605.1.15","https://great-economics-writing.netlify.app/","2022-08-14T13:58:50.191Z"
"Optimal Search for the Best Alternative","https://www.jstor.org/stable/1910412","Martin Weitzman","Econometrics","Theory","None Selected","Introduction","Theory","Mainly the exceptionally clear writing ","2600:1001:b010:a829:1c32:5952:8842:d3d2","Mozilla/5.0 (Linux; Android 12; SM-G991U) AppleWebKit/537.36 (KHTML, like Gecko) Chrome/104.0.0.0 Mobile Safari/537.36","https://great-economics-writing.netlify.app/","2022-08-14T13:44:52.202Z"
"An experimental study of competitive market behavior ","https://www.jstor.org/stable/1861810","Vernon L Smith ","Journal of Political Economy ","None Selected","None Selected","Motivation","Conclusion","Its a test of the competitive market hypothesis with a small number of players with private information. The experiments show that the theoretical assumption are overly strong and markets converge with a small number of players with private information. ","85.255.235.37","Mozilla/5.0 (iPhone; CPU iPhone OS 15_5 like Mac OS X) AppleWebKit/605.1.15 (KHTML, like Gecko) Version/15.5 Mobile/15E148 Safari/604.1","https://great-economics-writing.netlify.app/","2022-08-14T13:05:33.209Z"
"Monotone Comparative Statics","http://web.stanford.edu/~milgrom/publishedarticles/Monotone%20Comparative%20Statics.pdf","Paul Milgrom and Christina Shannon","Econometrica","Theory","None Selected","Theory","Introduction","It is path breaking in its exposition and clarity. Revolutionised the main method of economic theory.","99.239.237.203","Mozilla/5.0 (Macintosh; Intel Mac OS X 10_15_7) AppleWebKit/537.36 (KHTML, like Gecko) Chrome/104.0.0.0 Safari/537.36","https://great-economics-writing.netlify.app/","2022-08-14T11:37:32.325Z"
"Endogenous Technical Change","https://www.journals.uchicago.edu/doi/pdf/10.1086/261725?casa_token=yepykYh8RSQAAAAA:jAKNtBbFPYIvXqmR5X42OFnqq81YQhYJA01rdAUDUF5rfmCd3qf6C4UT3Os5ZjRotK_w6hzg78PO","Paul Romer","Journal of Political Economy","Theory","Development","Theory","Motivation","It is a deep and beautiful exposition of economic theory.","99.239.237.203","Mozilla/5.0 (Macintosh; Intel Mac OS X 10_15_7) AppleWebKit/537.36 (KHTML, like Gecko) Chrome/104.0.0.0 Safari/537.36","https://great-economics-writing.netlify.app/","2022-08-14T11:35:39.513Z"
"Growth and Welfare Effects of Fiscal Policy in an Endogenous Growth Model with Public Investment","https://doi.org/10.1023/A:1008673925024","Alfred Greiner, Horst Hanusch","International Tax and Public Finance","Public Economics","Theory","Motivation","Theory","The paper offers a theoretical endogenous growth model of fiscal policy effect of public investments. It explains different channels through which investments in public capital influence private capital and subsequently economic growth. The endogenous growth model develop a clear path through which a country may results to balanced growth path (BGP) through public investments channel.","102.89.34.38","Mozilla/5.0 (Linux; Android 10; TECNO KD7) AppleWebKit/537.36 (KHTML, like Gecko) Chrome/101.0.0.0 Mobile Safari/537.36","https://great-economics-writing.netlify.app/","2022-08-14T06:39:33.877Z"
"Imports, Exports, and Earnings Inequality: Measures of Exposure and Estimates of Incidence","https://doi.org/10.1093/qje/qjac012","Rodrigo Adão, Paul Carrillo, Arnaud Costinot, Dave Donaldson, Dina Pomeranz","The Quarterly Journal of Economics ","Trade","Theory","Empirical Strategy","Motivation","The motivation of the paper is driven by classical questions that explains reasons why those who engage in trade may likely earn higher than those who do not engage in trade. Using Ecuador as a case study, it is evident that trade (import & export) is a primary source of earnings inequality.","102.89.34.137","Mozilla/5.0 (Linux; Android 10; TECNO KD7) AppleWebKit/537.36 (KHTML, like Gecko) Chrome/101.0.0.0 Mobile Safari/537.36","https://great-economics-writing.netlify.app/","2022-08-14T06:32:39.362Z"
"Can hearts and minds be bought?","https://esoc.princeton.edu/publications/can-hearts-and-minds-be-bought-economics-counterinsurgency-iraq","Berman, Shapiro, felter","Journal of political economy ","Theory","None Selected","Introduction","Motivation","It’s a beautiful blend of simple economic theory applied to a new problem using convincing empirical strategies. It’s the most perfect paper I’ve ever read. ","169.231.63.136","Mozilla/5.0 (iPhone; CPU iPhone OS 15_6 like Mac OS X) AppleWebKit/605.1.15 (KHTML, like Gecko) Version/15.6 Mobile/15E148 Safari/604.1","https://great-economics-writing.netlify.app/","2022-08-14T06:04:24.109Z"
"Does Head Start improve children's life chances? Evidence from a regression discontinuity design","http://harris.uchicago.edu/files/inline-files/QJE_Headstart_2007_0.pdf","Jens Ludwig, Douglas L. Miller","Quarterly Journal of Economics","Health","None Selected","Empirical Strategy","None Selected","Excellent, clearly written example of not just RD but applied causal inference more broadly. Uses quantitative (placebo tests, etc.) and qualitative (interviews, history) evidence to support the identification strategy. Careful discussion of limitations and threats to validity.","72.226.51.246","Mozilla/5.0 (Macintosh; Intel Mac OS X 10_15_7) AppleWebKit/537.36 (KHTML, like Gecko) Chrome/104.0.0.0 Safari/537.36","https://great-economics-writing.netlify.app/","2022-08-14T04:07:32.877Z"
"Prices Vs Quantities","https://scholar.harvard.edu/files/weitzman/files/prices_vs_quantities.pdf","Martin Weitzman ","REStud","Environmental","None Selected","Theory","Motivation","Great intuition about a general problem and amazing commentary in taking you through the model. Weitzman was a master at talking you through the strengths and weaknesses of his modeling assumptions and leaving you convinced the math was actually meaningfully capturing reality. ","2601:184:4a7f:bee0:6598:4859:9768:9bd6","Mozilla/5.0 (iPhone; CPU iPhone OS 15_6 like Mac OS X) AppleWebKit/605.1.15 (KHTML, like Gecko) Version/15.6 Mobile/15E148 Safari/604.1","https://great-economics-writing.netlify.app/","2022-08-14T01:24:13.771Z"
"What is the Optimal Level of Pollution?","https://doi.org/10.1086/260281","E. J. Mishan","Journal of Political Economy","Environmental","None Selected","Motivation","Theory","Beautifully written and with a perspective that will change your mind about the typical all-or-nothing approach to externalities that is usually presented. Mishan's approach is analogous to profit maximization in a multi-plant firm.","68.168.161.253","Mozilla/5.0 (Windows NT 10.0; Win64; x64) AppleWebKit/537.36 (KHTML, like Gecko) Chrome/104.0.5112.81 Safari/537.36 Edg/104.0.1293.54","https://great-economics-writing.netlify.app/","2022-08-14T00:14:07.573Z"
"School Breakfast and Student Behavior","https://onlinelibrary.wiley.com/doi/10.1111/ajae.12312","Cuadros Menaca Andres, Michael R. Thomsen, Rodolfo M. Nayga Jr. ","American Journal of Agricultural Economics","Education","Health","Introduction","Conclusion","We are very grateful to the editor in charge Marc Bellemare and the suggestions of the anonymous referees on the writing of the article. I love paper in general. The introduction is very complete and well organized (Motivation, Hypothesis, Methodology, Results, Contribution to the literature, and how the paper is organized). I also like the conclusions. This is always a hard part to write, but I think we did a great job in this one. We briefly describe our results without being repetitive, mention some limitations of the analysis, and express our findings in policy terms.","67.212.121.240","Mozilla/5.0 (Macintosh; Intel Mac OS X 10_15_3) AppleWebKit/537.36 (KHTML, like Gecko) Chrome/104.0.0.0 Safari/537.36","https://great-economics-writing.netlify.app/","2022-08-13T23:08:36.405Z"
"Why the far-distant future should be discounted at its lowest possible rate","https://scholar.harvard.edu/files/weitzman/files/why_far-distant_future.pdf","Martin L. Weitzman","Journal of Environmental Economics and Management","Environmental","Theory","Introduction","Conclusion","The question is important and though the math is not trivial, the explanations are great and can be followed with pretty minimal economics training. I teach this paper in my undergrad environmental econ class. Roughly half the class are non-majors who've only taken intro micro and learned discounting in the class. The writing is so clear that nearly all of the class grasps the key intuitions right away. It sets up great in-class discussions. There are so many great crumbs in there for these kinds of discussions.","24.91.160.128","Mozilla/5.0 (X11; Ubuntu; Linux x86_64; rv:103.0) Gecko/20100101 Firefox/103.0","https://great-economics-writing.netlify.app/","2022-08-13T23:01:46.146Z"
"Combining Matching and Synthetic Controls to Trade off Biases from Extrapolation and Interpolation","https://a-torgovitsky.github.io/sc.pdf","Maxwell Kellogg, Magne Mogstad, Guillaume A. Pouliot, Alexander Torgovitsky","https://a-torgovitsky.github.io/sc.pdf","Econometrics","None Selected","Introduction","Results","The examples used in this paper to build intuition are super clear and *very* effective.","73.243.208.68","Mozilla/5.0 (Macintosh; Intel Mac OS X 10.15; rv:103.0) Gecko/20100101 Firefox/103.0","https://great-economics-writing.netlify.app/","2022-08-13T22:53:00.845Z"